﻿<?xml version="1.0" encoding="UTF-8"?>
<MetaDataObject xmlns="http://v8.1c.ru/8.3/MDClasses" xmlns:app="http://v8.1c.ru/8.2/managed-application/core" xmlns:cfg="http://v8.1c.ru/8.1/data/enterprise/current-config" xmlns:cmi="http://v8.1c.ru/8.2/managed-application/cmi" xmlns:ent="http://v8.1c.ru/8.1/data/enterprise" xmlns:lf="http://v8.1c.ru/8.2/managed-application/logform" xmlns:style="http://v8.1c.ru/8.1/data/ui/style" xmlns:sys="http://v8.1c.ru/8.1/data/ui/fonts/system" xmlns:v8="http://v8.1c.ru/8.1/data/core" xmlns:v8ui="http://v8.1c.ru/8.1/data/ui" xmlns:web="http://v8.1c.ru/8.1/data/ui/colors/web" xmlns:win="http://v8.1c.ru/8.1/data/ui/colors/windows" xmlns:xen="http://v8.1c.ru/8.3/xcf/enums" xmlns:xpr="http://v8.1c.ru/8.3/xcf/predef" xmlns:xr="http://v8.1c.ru/8.3/xcf/readable" xmlns:xs="http://www.w3.org/2001/XMLSchema" xmlns:xsi="http://www.w3.org/2001/XMLSchema-instance" version="2.20">
	<DocumentJournal uuid="6a369e50-c6b6-4d76-a3a2-dde7d526b476">
		<InternalInfo>
			<xr:GeneratedType name="DocumentJournalSelection.ДвиженияТоваров" category="Selection">
				<xr:TypeId>f7ce2c37-ff6d-4f24-abcf-e8aef1497d59</xr:TypeId>
				<xr:ValueId>7c120bff-66e9-446a-adb8-8445ea9ca212</xr:ValueId>
			</xr:GeneratedType>
			<xr:GeneratedType name="DocumentJournalList.ДвиженияТоваров" category="List">
				<xr:TypeId>55df3a98-f94e-4f0b-b01c-0844a360f344</xr:TypeId>
				<xr:ValueId>d4a861a1-fc93-4058-875b-5e8ff38d6af7</xr:ValueId>
			</xr:GeneratedType>
			<xr:GeneratedType name="DocumentJournalManager.ДвиженияТоваров" category="Manager">
				<xr:TypeId>04cb6bb0-ec79-4533-85c1-f838261d8656</xr:TypeId>
				<xr:ValueId>5781274f-2da1-405b-9c12-8abc2a369098</xr:ValueId>
			</xr:GeneratedType>
		</InternalInfo>
		<Properties>
			<Name>ДвиженияТоваров</Name>
			<Synonym>
				<v8:item>
					<v8:lang>ru</v8:lang>
					<v8:content>Движения товаров</v8:content>
				</v8:item>
			</Synonym>
			<Comment/>
			<DefaultForm>DocumentJournal.ДвиженияТоваров.Form.ФормаСписка</DefaultForm>
			<AuxiliaryForm/>
			<UseStandardCommands>true</UseStandardCommands>
			<RegisteredDocuments>
				<xr:Item xsi:type="xr:MDObjectRef">Document.ПоступлениеТоваровИУслуг</xr:Item>
				<xr:Item xsi:type="xr:MDObjectRef">Document.РеализацияТоваровИУслуг</xr:Item>
			</RegisteredDocuments>
			<IncludeHelpInContents>false</IncludeHelpInContents>
			<ListPresentation/>
			<ExtendedListPresentation/>
			<Explanation/>
		</Properties>
		<ChildObjects>
			<Column uuid="bd948034-fa9e-4e2a-a59a-2556cc43c860">
				<Properties>
					<Name>Контрагент</Name>
					<Synonym>
						<v8:item>
							<v8:lang>ru</v8:lang>
							<v8:content>Контрагент</v8:content>
						</v8:item>
					</Synonym>
					<Comment/>
					<Indexing>DontIndex</Indexing>
					<References>
						<xr:Item xsi:type="xr:MDObjectRef">Document.ПоступлениеТоваровИУслуг.Attribute.Контрагент</xr:Item>
						<xr:Item xsi:type="xr:MDObjectRef">Document.РеализацияТоваровИУслуг.Attribute.Контрагент</xr:Item>
					</References>
				</Properties>
			</Column>
			<Column uuid="983fae54-7702-4949-a12e-0c2761f6cde8">
				<Properties>
					<Name>СуммаДокумента</Name>
					<Synonym>
						<v8:item>
							<v8:lang>ru</v8:lang>
							<v8:content>Сумма документа</v8:content>
						</v8:item>
					</Synonym>
					<Comment/>
					<Indexing>DontIndex</Indexing>
					<References>
						<xr:Item xsi:type="xr:MDObjectRef">Document.ПоступлениеТоваровИУслуг.Attribute.СуммаДокумента</xr:Item>
						<xr:Item xsi:type="xr:MDObjectRef">Document.РеализацияТоваровИУслуг.Attribute.СуммаДокумента</xr:Item>
					</References>
				</Properties>
			</Column>
			<Form>ФормаСписка</Form>
		</ChildObjects>
	</DocumentJournal>
</MetaDataObject>