﻿<?xml version="1.0" encoding="UTF-8"?>
<MetaDataObject xmlns="http://v8.1c.ru/8.3/MDClasses" xmlns:app="http://v8.1c.ru/8.2/managed-application/core" xmlns:cfg="http://v8.1c.ru/8.1/data/enterprise/current-config" xmlns:cmi="http://v8.1c.ru/8.2/managed-application/cmi" xmlns:ent="http://v8.1c.ru/8.1/data/enterprise" xmlns:lf="http://v8.1c.ru/8.2/managed-application/logform" xmlns:style="http://v8.1c.ru/8.1/data/ui/style" xmlns:sys="http://v8.1c.ru/8.1/data/ui/fonts/system" xmlns:v8="http://v8.1c.ru/8.1/data/core" xmlns:v8ui="http://v8.1c.ru/8.1/data/ui" xmlns:web="http://v8.1c.ru/8.1/data/ui/colors/web" xmlns:win="http://v8.1c.ru/8.1/data/ui/colors/windows" xmlns:xen="http://v8.1c.ru/8.3/xcf/enums" xmlns:xpr="http://v8.1c.ru/8.3/xcf/predef" xmlns:xr="http://v8.1c.ru/8.3/xcf/readable" xmlns:xs="http://www.w3.org/2001/XMLSchema" xmlns:xsi="http://www.w3.org/2001/XMLSchema-instance" version="2.20">
	<Subsystem uuid="075430b7-4f0e-4fcc-a1b5-b5551598cf8a">
		<Properties>
			<Name>Сделки</Name>
			<Synonym>
				<v8:item>
					<v8:lang>ru</v8:lang>
					<v8:content>Сделки</v8:content>
				</v8:item>
			</Synonym>
			<Comment/>
			<IncludeHelpInContents>true</IncludeHelpInContents>
			<IncludeInCommandInterface>true</IncludeInCommandInterface>
			<UseOneCommand>false</UseOneCommand>
			<Explanation/>
			<Picture/>
			<Content>
				<xr:Item xsi:type="xr:MDObjectRef">Document.Событие</xr:Item>
				<xr:Item xsi:type="xr:MDObjectRef">Document.ПоступлениеТоваровИУслуг</xr:Item>
				<xr:Item xsi:type="xr:MDObjectRef">Document.РеализацияТоваровИУслуг</xr:Item>
				<xr:Item xsi:type="xr:MDObjectRef">DocumentJournal.ДвиженияТоваров</xr:Item>
				<xr:Item xsi:type="xr:MDObjectRef">Document.УстановкаЦен</xr:Item>
				<xr:Item xsi:type="xr:MDObjectRef">DataProcessor.УстановкаЦенПродажи</xr:Item>
				<xr:Item xsi:type="xr:MDObjectRef">AccumulationRegister.Товары</xr:Item>
				<xr:Item xsi:type="xr:MDObjectRef">AccumulationRegister.Продажи</xr:Item>
				<xr:Item xsi:type="xr:MDObjectRef">DataProcessor.ЗагрузкаПрайслистаКонтрагента</xr:Item>
			</Content>
		</Properties>
		<ChildObjects/>
	</Subsystem>
</MetaDataObject>