﻿<?xml version="1.0" encoding="UTF-8"?>
<MetaDataObject xmlns="http://v8.1c.ru/8.3/MDClasses" xmlns:app="http://v8.1c.ru/8.2/managed-application/core" xmlns:cfg="http://v8.1c.ru/8.1/data/enterprise/current-config" xmlns:cmi="http://v8.1c.ru/8.2/managed-application/cmi" xmlns:ent="http://v8.1c.ru/8.1/data/enterprise" xmlns:lf="http://v8.1c.ru/8.2/managed-application/logform" xmlns:style="http://v8.1c.ru/8.1/data/ui/style" xmlns:sys="http://v8.1c.ru/8.1/data/ui/fonts/system" xmlns:v8="http://v8.1c.ru/8.1/data/core" xmlns:v8ui="http://v8.1c.ru/8.1/data/ui" xmlns:web="http://v8.1c.ru/8.1/data/ui/colors/web" xmlns:win="http://v8.1c.ru/8.1/data/ui/colors/windows" xmlns:xen="http://v8.1c.ru/8.3/xcf/enums" xmlns:xpr="http://v8.1c.ru/8.3/xcf/predef" xmlns:xr="http://v8.1c.ru/8.3/xcf/readable" xmlns:xs="http://www.w3.org/2001/XMLSchema" xmlns:xsi="http://www.w3.org/2001/XMLSchema-instance" version="2.20">
	<Enum uuid="fa46b878-c270-4742-9af4-739586124e13">
		<InternalInfo>
			<xr:GeneratedType name="EnumRef.Пол" category="Ref">
				<xr:TypeId>1a30e710-1d6c-410c-ba26-9a428148a0f7</xr:TypeId>
				<xr:ValueId>0154f0dd-9ec5-4c65-8be7-012a98a1bc48</xr:ValueId>
			</xr:GeneratedType>
			<xr:GeneratedType name="EnumManager.Пол" category="Manager">
				<xr:TypeId>96e6caf7-b300-4b85-a845-1fb9800dabb4</xr:TypeId>
				<xr:ValueId>6dfbac73-1c8c-4360-aa5d-ace9312c6a14</xr:ValueId>
			</xr:GeneratedType>
			<xr:GeneratedType name="EnumList.Пол" category="List">
				<xr:TypeId>e2d9793b-05f0-48db-9d11-c39c398a479a</xr:TypeId>
				<xr:ValueId>d05b55ff-0cf3-441b-a9ad-5409a17223c9</xr:ValueId>
			</xr:GeneratedType>
		</InternalInfo>
		<Properties>
			<Name>Пол</Name>
			<Synonym>
				<v8:item>
					<v8:lang>ru</v8:lang>
					<v8:content>Пол</v8:content>
				</v8:item>
			</Synonym>
			<Comment/>
			<UseStandardCommands>false</UseStandardCommands>
			<Characteristics/>
			<QuickChoice>true</QuickChoice>
			<ChoiceMode>BothWays</ChoiceMode>
			<DefaultListForm/>
			<DefaultChoiceForm/>
			<AuxiliaryListForm/>
			<AuxiliaryChoiceForm/>
			<ListPresentation/>
			<ExtendedListPresentation/>
			<Explanation/>
			<ChoiceHistoryOnInput>Auto</ChoiceHistoryOnInput>
		</Properties>
		<ChildObjects>
			<EnumValue uuid="73d6cf43-836a-4623-80a7-473519fd83dd">
				<Properties>
					<Name>Мужской</Name>
					<Synonym>
						<v8:item>
							<v8:lang>ru</v8:lang>
							<v8:content>Мужской</v8:content>
						</v8:item>
					</Synonym>
					<Comment/>
				</Properties>
			</EnumValue>
			<EnumValue uuid="7cb243c6-6b1c-43f5-998a-3fed8df1d42e">
				<Properties>
					<Name>Женский</Name>
					<Synonym>
						<v8:item>
							<v8:lang>ru</v8:lang>
							<v8:content>Женский</v8:content>
						</v8:item>
					</Synonym>
					<Comment/>
				</Properties>
			</EnumValue>
		</ChildObjects>
	</Enum>
</MetaDataObject>