﻿<?xml version="1.0" encoding="UTF-8"?>
<MetaDataObject xmlns="http://v8.1c.ru/8.3/MDClasses" xmlns:app="http://v8.1c.ru/8.2/managed-application/core" xmlns:cfg="http://v8.1c.ru/8.1/data/enterprise/current-config" xmlns:cmi="http://v8.1c.ru/8.2/managed-application/cmi" xmlns:ent="http://v8.1c.ru/8.1/data/enterprise" xmlns:lf="http://v8.1c.ru/8.2/managed-application/logform" xmlns:style="http://v8.1c.ru/8.1/data/ui/style" xmlns:sys="http://v8.1c.ru/8.1/data/ui/fonts/system" xmlns:v8="http://v8.1c.ru/8.1/data/core" xmlns:v8ui="http://v8.1c.ru/8.1/data/ui" xmlns:web="http://v8.1c.ru/8.1/data/ui/colors/web" xmlns:win="http://v8.1c.ru/8.1/data/ui/colors/windows" xmlns:xen="http://v8.1c.ru/8.3/xcf/enums" xmlns:xpr="http://v8.1c.ru/8.3/xcf/predef" xmlns:xr="http://v8.1c.ru/8.3/xcf/readable" xmlns:xs="http://www.w3.org/2001/XMLSchema" xmlns:xsi="http://www.w3.org/2001/XMLSchema-instance" version="2.20">
	<Enum uuid="316c2507-5486-415e-ad2b-dbc1953685a0">
		<InternalInfo>
			<xr:GeneratedType name="EnumRef.ЮридическоеФизическоеЛицо" category="Ref">
				<xr:TypeId>1f188748-0469-4634-8a69-61f3dcd6b36a</xr:TypeId>
				<xr:ValueId>95ae39c5-909e-497b-8130-e88502f6262c</xr:ValueId>
			</xr:GeneratedType>
			<xr:GeneratedType name="EnumManager.ЮридическоеФизическоеЛицо" category="Manager">
				<xr:TypeId>1e6a5fb1-5789-49ca-9ff7-bc2eb4999fd6</xr:TypeId>
				<xr:ValueId>4e31d007-c73d-413c-9dfe-dd6b93844b6d</xr:ValueId>
			</xr:GeneratedType>
			<xr:GeneratedType name="EnumList.ЮридическоеФизическоеЛицо" category="List">
				<xr:TypeId>0638d223-f135-4baa-bcd2-dae52a75e9f5</xr:TypeId>
				<xr:ValueId>6a99e9ab-0478-4a2b-a73f-ed778da9fb17</xr:ValueId>
			</xr:GeneratedType>
		</InternalInfo>
		<Properties>
			<Name>ЮридическоеФизическоеЛицо</Name>
			<Synonym>
				<v8:item>
					<v8:lang>ru</v8:lang>
					<v8:content>Юридическое физическое лицо</v8:content>
				</v8:item>
			</Synonym>
			<Comment/>
			<UseStandardCommands>false</UseStandardCommands>
			<Characteristics/>
			<QuickChoice>true</QuickChoice>
			<ChoiceMode>BothWays</ChoiceMode>
			<DefaultListForm/>
			<DefaultChoiceForm/>
			<AuxiliaryListForm/>
			<AuxiliaryChoiceForm/>
			<ListPresentation/>
			<ExtendedListPresentation/>
			<Explanation/>
			<ChoiceHistoryOnInput>Auto</ChoiceHistoryOnInput>
		</Properties>
		<ChildObjects>
			<EnumValue uuid="e0fd2193-9028-4178-a370-c42b3576eec4">
				<Properties>
					<Name>ЮридическоеЛицо</Name>
					<Synonym>
						<v8:item>
							<v8:lang>ru</v8:lang>
							<v8:content>Юридическое лицо</v8:content>
						</v8:item>
					</Synonym>
					<Comment/>
				</Properties>
			</EnumValue>
			<EnumValue uuid="7b930f2c-cb57-406a-862e-ac219f670486">
				<Properties>
					<Name>ФизическоеЛицо</Name>
					<Synonym>
						<v8:item>
							<v8:lang>ru</v8:lang>
							<v8:content>Физическое лицо</v8:content>
						</v8:item>
					</Synonym>
					<Comment/>
				</Properties>
			</EnumValue>
		</ChildObjects>
	</Enum>
</MetaDataObject>