﻿<?xml version="1.0" encoding="UTF-8"?>
<MetaDataObject xmlns="http://v8.1c.ru/8.3/MDClasses" xmlns:app="http://v8.1c.ru/8.2/managed-application/core" xmlns:cfg="http://v8.1c.ru/8.1/data/enterprise/current-config" xmlns:cmi="http://v8.1c.ru/8.2/managed-application/cmi" xmlns:ent="http://v8.1c.ru/8.1/data/enterprise" xmlns:lf="http://v8.1c.ru/8.2/managed-application/logform" xmlns:style="http://v8.1c.ru/8.1/data/ui/style" xmlns:sys="http://v8.1c.ru/8.1/data/ui/fonts/system" xmlns:v8="http://v8.1c.ru/8.1/data/core" xmlns:v8ui="http://v8.1c.ru/8.1/data/ui" xmlns:web="http://v8.1c.ru/8.1/data/ui/colors/web" xmlns:win="http://v8.1c.ru/8.1/data/ui/colors/windows" xmlns:xen="http://v8.1c.ru/8.3/xcf/enums" xmlns:xpr="http://v8.1c.ru/8.3/xcf/predef" xmlns:xr="http://v8.1c.ru/8.3/xcf/readable" xmlns:xs="http://www.w3.org/2001/XMLSchema" xmlns:xsi="http://www.w3.org/2001/XMLSchema-instance" version="2.20">
	<Sequence uuid="e7d6e02d-44ec-4023-bd4b-5cf71e5d5cab">
		<InternalInfo>
			<xr:GeneratedType name="SequenceRecord.СкладскиеДокументы" category="Record">
				<xr:TypeId>3b0cbe31-dc5e-4e78-837b-a21069f67e8f</xr:TypeId>
				<xr:ValueId>37e710a0-636a-4724-8f6a-3b55dc47df44</xr:ValueId>
			</xr:GeneratedType>
			<xr:GeneratedType name="SequenceManager.СкладскиеДокументы" category="Manager">
				<xr:TypeId>4936e410-928f-4f38-b523-6d690e0f5e96</xr:TypeId>
				<xr:ValueId>83d7c6cd-116b-4a97-9638-de26bc6b0fa6</xr:ValueId>
			</xr:GeneratedType>
			<xr:GeneratedType name="SequenceRecordSet.СкладскиеДокументы" category="RecordSet">
				<xr:TypeId>0698fc32-be89-42d1-b2fe-078db0898c76</xr:TypeId>
				<xr:ValueId>a45a21db-fc97-4a49-9c8f-77726eb86750</xr:ValueId>
			</xr:GeneratedType>
		</InternalInfo>
		<Properties>
			<Name>СкладскиеДокументы</Name>
			<Synonym>
				<v8:item>
					<v8:lang>ru</v8:lang>
					<v8:content>Складские документы</v8:content>
				</v8:item>
			</Synonym>
			<Comment/>
			<MoveBoundaryOnPosting>Move</MoveBoundaryOnPosting>
			<Documents>
				<xr:Item xsi:type="xr:MDObjectRef">Document.ПоступлениеТоваровИУслуг</xr:Item>
				<xr:Item xsi:type="xr:MDObjectRef">Document.РеализацияТоваровИУслуг</xr:Item>
			</Documents>
			<RegisterRecords>
				<xr:Item xsi:type="xr:MDObjectRef">AccumulationRegister.Товары</xr:Item>
			</RegisterRecords>
			<DataLockControlMode>Managed</DataLockControlMode>
		</Properties>
		<ChildObjects/>
	</Sequence>
</MetaDataObject>