﻿<?xml version="1.0" encoding="UTF-8"?>
<Rights xmlns="http://v8.1c.ru/8.2/roles" xmlns:xs="http://www.w3.org/2001/XMLSchema" xmlns:xsi="http://www.w3.org/2001/XMLSchema-instance" xsi:type="Rights" version="2.20">
	<setForNewObjects>false</setForNewObjects>
	<setForAttributesByDefault>true</setForAttributesByDefault>
	<independentRightsOfChildObjects>false</independentRightsOfChildObjects>
	<object>
		<name>Configuration.УправлениеИТФирмой</name>
		<right>
			<name>ThinClient</name>
			<value>true</value>
		</right>
		<right>
			<name>WebClient</name>
			<value>true</value>
		</right>
		<right>
			<name>MobileClient</name>
			<value>true</value>
		</right>
		<right>
			<name>MainWindowModeNormal</name>
			<value>true</value>
		</right>
		<right>
			<name>MainWindowModeWorkplace</name>
			<value>true</value>
		</right>
		<right>
			<name>MainWindowModeEmbeddedWorkplace</name>
			<value>true</value>
		</right>
		<right>
			<name>MainWindowModeFullscreenWorkplace</name>
			<value>true</value>
		</right>
		<right>
			<name>MainWindowModeKiosk</name>
			<value>true</value>
		</right>
		<right>
			<name>AnalyticsSystemClient</name>
			<value>true</value>
		</right>
		<right>
			<name>SaveUserData</name>
			<value>true</value>
		</right>
		<right>
			<name>Output</name>
			<value>true</value>
		</right>
	</object>
	<object>
		<name>Catalog.Контрагенты.Attribute.ПолноеНаименование</name>
		<right>
			<name>Edit</name>
			<value>false</value>
		</right>
	</object>
	<object>
		<name>Document.УстановкаЦен</name>
		<right>
			<name>Read</name>
			<value>true</value>
		</right>
		<right>
			<name>Insert</name>
			<value>true</value>
		</right>
		<right>
			<name>Update</name>
			<value>true</value>
		</right>
		<right>
			<name>Delete</name>
			<value>true</value>
		</right>
		<right>
			<name>Posting</name>
			<value>true</value>
		</right>
		<right>
			<name>UndoPosting</name>
			<value>true</value>
		</right>
		<right>
			<name>View</name>
			<value>true</value>
		</right>
		<right>
			<name>InteractiveInsert</name>
			<value>true</value>
		</right>
		<right>
			<name>Edit</name>
			<value>true</value>
		</right>
		<right>
			<name>InteractiveClearDeletionMark</name>
			<value>true</value>
		</right>
		<right>
			<name>InteractivePosting</name>
			<value>true</value>
		</right>
		<right>
			<name>InteractiveUndoPosting</name>
			<value>true</value>
		</right>
		<right>
			<name>InteractiveChangeOfPosted</name>
			<value>true</value>
		</right>
		<right>
			<name>InputByString</name>
			<value>true</value>
		</right>
		<right>
			<name>ReadDataHistory</name>
			<value>true</value>
		</right>
		<right>
			<name>ReadDataHistoryOfMissingData</name>
			<value>true</value>
		</right>
		<right>
			<name>UpdateDataHistory</name>
			<value>true</value>
		</right>
		<right>
			<name>UpdateDataHistoryOfMissingData</name>
			<value>true</value>
		</right>
		<right>
			<name>UpdateDataHistorySettings</name>
			<value>true</value>
		</right>
		<right>
			<name>UpdateDataHistoryVersionComment</name>
			<value>true</value>
		</right>
		<right>
			<name>ViewDataHistory</name>
			<value>true</value>
		</right>
		<right>
			<name>EditDataHistoryVersionComment</name>
			<value>true</value>
		</right>
		<right>
			<name>SwitchToDataHistoryVersion</name>
			<value>true</value>
		</right>
	</object>
	<object>
		<name>AccumulationRegister.Товары</name>
		<right>
			<name>Read</name>
			<value>true</value>
		</right>
		<right>
			<name>View</name>
			<value>true</value>
		</right>
	</object>
	<object>
		<name>Catalog.Контрагенты.Attribute.Тип</name>
		<right>
			<name>Edit</name>
			<value>false</value>
		</right>
	</object>
	<object>
		<name>Catalog.Контрагенты.Attribute.ФактическийАдрес</name>
		<right>
			<name>Edit</name>
			<value>false</value>
		</right>
	</object>
	<object>
		<name>Catalog.Контрагенты</name>
		<right>
			<name>Read</name>
			<value>true</value>
		</right>
		<right>
			<name>View</name>
			<value>true</value>
		</right>
	</object>
	<object>
		<name>Catalog.Контрагенты.StandardAttribute.PredefinedDataName</name>
		<right>
			<name>Edit</name>
			<value>false</value>
		</right>
	</object>
	<object>
		<name>Catalog.Контрагенты.StandardAttribute.Predefined</name>
		<right>
			<name>Edit</name>
			<value>false</value>
		</right>
	</object>
	<object>
		<name>Catalog.Контрагенты.StandardAttribute.Ref</name>
		<right>
			<name>Edit</name>
			<value>false</value>
		</right>
	</object>
	<object>
		<name>Catalog.Контрагенты.StandardAttribute.DeletionMark</name>
		<right>
			<name>Edit</name>
			<value>false</value>
		</right>
	</object>
	<object>
		<name>Catalog.Контрагенты.StandardAttribute.IsFolder</name>
		<right>
			<name>Edit</name>
			<value>false</value>
		</right>
	</object>
	<object>
		<name>Catalog.Контрагенты.StandardAttribute.Owner</name>
		<right>
			<name>Edit</name>
			<value>false</value>
		</right>
	</object>
	<object>
		<name>Catalog.Контрагенты.StandardAttribute.Parent</name>
		<right>
			<name>Edit</name>
			<value>false</value>
		</right>
	</object>
	<object>
		<name>Catalog.Контрагенты.StandardAttribute.Description</name>
		<right>
			<name>Edit</name>
			<value>false</value>
		</right>
	</object>
	<object>
		<name>Catalog.Контрагенты.StandardAttribute.Code</name>
		<right>
			<name>Edit</name>
			<value>false</value>
		</right>
	</object>
	<object>
		<name>Catalog.Контрагенты.Attribute.Телефон</name>
		<right>
			<name>Edit</name>
			<value>false</value>
		</right>
	</object>
	<object>
		<name>SessionParameter.ТекущийСотрудник</name>
		<right>
			<name>Get</name>
			<value>true</value>
		</right>
		<right>
			<name>Set</name>
			<value>true</value>
		</right>
	</object>
	<object>
		<name>Subsystem.Настройки</name>
		<right>
			<name>View</name>
			<value>true</value>
		</right>
	</object>
	<object>
		<name>Catalog.Контрагенты.Attribute.КПП</name>
		<right>
			<name>Edit</name>
			<value>false</value>
		</right>
	</object>
	<object>
		<name>Catalog.Контрагенты.Attribute.Email</name>
		<right>
			<name>Edit</name>
			<value>false</value>
		</right>
	</object>
	<object>
		<name>Catalog.Сотрудники</name>
		<right>
			<name>Read</name>
			<value>true</value>
		</right>
		<right>
			<name>Insert</name>
			<value>true</value>
		</right>
		<right>
			<name>Update</name>
			<value>true</value>
		</right>
		<right>
			<name>View</name>
			<value>true</value>
		</right>
		<right>
			<name>InteractiveInsert</name>
			<value>true</value>
		</right>
		<right>
			<name>Edit</name>
			<value>true</value>
		</right>
	</object>
	<object>
		<name>AccumulationRegister.Продажи</name>
		<right>
			<name>Read</name>
			<value>true</value>
		</right>
		<right>
			<name>View</name>
			<value>true</value>
		</right>
	</object>
	<object>
		<name>Catalog.Контрагенты.Attribute.Ответственный</name>
		<right>
			<name>Edit</name>
			<value>false</value>
		</right>
	</object>
	<object>
		<name>Catalog.Контрагенты.Attribute.ИНН</name>
		<right>
			<name>Edit</name>
			<value>false</value>
		</right>
	</object>
	<object>
		<name>Catalog.Контрагенты.Attribute.ЮридическийАдрес</name>
		<right>
			<name>Edit</name>
			<value>false</value>
		</right>
	</object>
</Rights>