﻿<?xml version="1.0" encoding="UTF-8"?>
<PredefinedData xmlns="http://v8.1c.ru/8.3/xcf/predef" xmlns:v8="http://v8.1c.ru/8.1/data/core" xmlns:xr="http://v8.1c.ru/8.3/xcf/readable" xmlns:xs="http://www.w3.org/2001/XMLSchema" xmlns:xsi="http://www.w3.org/2001/XMLSchema-instance" xsi:type="CatalogPredefinedItems" version="2.20">
	<Item id="0739a958-6f8d-4fac-b855-d18a95e505c1">
		<Name>EMailКонтрагента</Name>
		<Code>000000005</Code>
		<Description>E mail контрагента</Description>
		<IsFolder>false</IsFolder>
	</Item>
	<Item id="446c6eca-5182-4a68-9af2-2b8f5b8dd186">
		<Name>ПочтовыйАдресКонтрагенты</Name>
		<Code>000000002</Code>
		<Description>Почтовый адрес контрагент</Description>
		<IsFolder>false</IsFolder>
	</Item>
	<Item id="0b988d62-4ac8-4fb9-be1f-0c536ca472a9">
		<Name>ТелефонКонтрагента</Name>
		<Code>000000004</Code>
		<Description>Телефон контрагента</Description>
		<IsFolder>false</IsFolder>
	</Item>
	<Item id="07193795-e075-4a97-a46f-85556da6b05f">
		<Name>ФактическийАдресКонтрагента</Name>
		<Code>000000003</Code>
		<Description>Фактический адрес контраг</Description>
		<IsFolder>false</IsFolder>
	</Item>
	<Item id="487b59b9-8fab-41b9-ba31-5502968f33ae">
		<Name>ЮридическийАдресКонтрагента</Name>
		<Code>000000001</Code>
		<Description>Юридический адрес контраг</Description>
		<IsFolder>false</IsFolder>
	</Item>
</PredefinedData>